,Date,Open,High,Low,Close,Volume,Market Cap
0,"Feb 28, 2018",93.0,122.73,26.83,30.09,108100000,317132000
1,"Feb 27, 2018",106.16,106.16,67.45,93.16,80867400,361244000
2,"Feb 26, 2018",124.28,127.34,90.97,103.75,36590000,421981000
3,"Feb 25, 2018",121.3,137.27,118.19,123.97,17916200,411009000
4,"Feb 24, 2018",136.13,138.48,98.93,122.12,41234700,460284000
5,"Feb 23, 2018",132.91,146.37,126.05,136.25,12156000,447179000
6,"Feb 22, 2018",138.16,159.96,124.87,129.94,18411000,464851000
7,"Feb 21, 2018",168.3,168.3,126.12,138.01,23033500,563971000
8,"Feb 20, 2018",189.96,199.43,163.25,167.91,24930400,636466000
9,"Feb 19, 2018",178.1,199.53,177.28,190.03,17431000,595443000
10,"Feb 18, 2018",191.45,191.45,163.21,177.8,15606400,638732000
11,"Feb 17, 2018",163.97,194.61,150.23,191.73,18173800,545859000
12,"Feb 16, 2018",158.18,166.0,154.97,165.23,9169700,525452000
13,"Feb 15, 2018",172.45,172.45,146.85,158.49,17919000,571677000
14,"Feb 14, 2018",147.7,179.82,147.7,171.43,37315400,488553000
15,"Feb 13, 2018",113.88,149.76,109.57,148.62,35013100,375851000
16,"Feb 12, 2018",94.36,113.95,94.36,113.94,5340040,310752000
17,"Feb 11, 2018",100.12,100.64,87.34,93.67,2867010,329018000
18,"Feb 10, 2018",106.13,111.39,92.64,100.25,5488930,348024000
19,"Feb 09, 2018",96.0,106.32,89.76,106.04,5423930,313423000
20,"Feb 08, 2018",81.24,105.67,81.24,96.75,5818230,265253000
21,"Feb 07, 2018",88.6,97.34,76.9,82.63,3904230,288633000
22,"Feb 06, 2018",75.78,90.42,56.45,88.83,7441100,246324000
23,"Feb 05, 2018",94.96,97.35,65.79,75.75,6308650,308003000
24,"Feb 04, 2018",108.45,110.13,88.89,95.28,3664690,350977000
25,"Feb 03, 2018",103.81,116.6,94.11,108.14,4678650,335229000
26,"Feb 02, 2018",103.79,109.87,71.88,103.42,9030280,334415000
27,"Feb 01, 2018",117.54,122.91,93.04,103.64,6387950,377884000
28,"Jan 31, 2018",111.8,123.22,105.21,116.67,8290540,358622000
29,"Jan 30, 2018",134.82,136.91,107.0,111.44,13078300,431531000
30,"Jan 29, 2018",148.68,168.31,128.78,132.78,28043400,474855000
31,"Jan 28, 2018",155.81,169.67,142.01,149.03,18335600,496478000
32,"Jan 27, 2018",145.53,160.1,140.56,155.36,9562340,462708000
33,"Jan 26, 2018",146.97,155.56,127.76,146.15,7894230,466229000
34,"Jan 25, 2018",119.53,154.94,119.35,147.05,23948500,378306000
35,"Jan 24, 2018",104.04,117.11,102.3,116.27,5408980,328546000
36,"Jan 23, 2018",107.89,113.16,92.44,104.41,8986490,339959000
37,"Jan 22, 2018",129.99,129.99,93.49,107.57,20388400,408626000
38,"Jan 21, 2018",167.68,167.68,108.72,126.14,20543400,525946000
39,"Jan 20, 2018",151.04,174.19,151.04,166.19,12064300,472682000
40,"Jan 19, 2018",138.29,162.93,131.71,149.5,13673300,431769000
41,"Jan 18, 2018",127.24,158.27,124.14,141.43,13962100,396367000
42,"Jan 17, 2018",142.1,157.3,94.16,127.3,21105900,438813000
43,"Jan 16, 2018",192.35,192.52,94.69,145.68,20121900,593964000
44,"Jan 15, 2018",201.12,207.36,191.53,192.11,10697700,621064000
45,"Jan 14, 2018",222.74,224.08,180.46,202.68,23066300,681405000
46,"Jan 13, 2018",169.27,225.87,169.27,224.14,35022100,517841000
47,"Jan 12, 2018",169.13,176.9,155.84,169.5,16191800,517400000
48,"Jan 11, 2018",170.68,191.15,135.55,167.44,28502400,522161000
49,"Jan 10, 2018",176.23,180.43,158.88,169.11,17753700,318940000
50,"Jan 09, 2018",197.38,207.35,170.77,175.87,19470300,357214000
51,"Jan 08, 2018",226.8,226.8,162.24,196.64,42839600,410458000
52,"Jan 07, 2018",193.7,248.73,181.2,228.43,65830900,350551000
53,"Jan 06, 2018",122.31,218.66,115.57,193.25,69850000,221351000
54,"Jan 05, 2018",99.67,132.78,99.17,122.42,33843900,180374000
55,"Jan 04, 2018",108.89,109.52,92.27,99.69,19717400,197060000
56,"Jan 03, 2018",93.0,115.5,82.7,108.25,27738900,168305000
57,"Jan 02, 2018",100.17,108.65,77.09,92.89,37613900,181278000
58,"Jan 01, 2018",108.31,117.62,98.5,102.3,22625000,196024000
59,"Dec 31, 2017",77.08,115.8,74.66,107.19,35560700,139503000
60,"Dec 30, 2017",85.9,94.29,64.96,78.66,35486000,155463000
61,"Dec 29, 2017",51.44,123.34,51.44,85.18,170933000,93094200
62,"Dec 28, 2017",43.72,55.29,32.72,51.87,32846900,79130900
63,"Dec 27, 2017",14.38,42.97,12.89,42.66,47994900,26015900
64,"Dec 26, 2017",9.93,16.62,8.24,14.78,8185640,17978600
65,"Dec 25, 2017",7.83,10.42,7.66,9.95,1692940,14177400
66,"Dec 24, 2017",6.94,9.58,6.63,7.75,3331960,12563800
67,"Dec 23, 2017",4.01,9.86,3.99,7.1,4096310,7254260
68,"Dec 22, 2017",4.84,4.99,2.87,3.89,970835,8759920
69,"Dec 21, 2017",4.88,5.19,4.45,4.92,709461,8830930
70,"Dec 20, 2017",5.83,5.83,4.21,4.99,989678,10546600
71,"Dec 19, 2017",4.76,5.86,4.3,5.83,1337680,8606930
72,"Dec 18, 2017",4.3,4.84,4.07,4.75,651043,7777920
73,"Dec 17, 2017",4.25,4.6,4.11,4.24,428410,7692590
74,"Dec 16, 2017",4.16,5.51,3.98,4.33,1643620,7521430
75,"Dec 15, 2017",4.51,4.59,3.6,4.2,1391370,8161710
76,"Dec 14, 2017",5.32,6.07,3.81,4.51,4128070,9634460
77,"Dec 13, 2017",3.22,6.3,3.22,5.31,9859620,5832470
78,"Dec 12, 2017",1.99,4.25,1.91,3.22,2975640,3595640
79,"Dec 11, 2017",1.79,2.19,1.71,1.97,277020,3233070
80,"Dec 10, 2017",1.89,1.94,1.64,1.8,112896,3428180
81,"Dec 09, 2017",1.94,2.04,1.68,1.89,225570,3510460
82,"Dec 08, 2017",1.94,1.98,1.67,1.94,172755,3506490
83,"Dec 07, 2017",2.39,2.41,1.84,1.94,312847,4323160
84,"Dec 06, 2017",2.3,2.51,2.3,2.42,475541,4155570
85,"Dec 05, 2017",2.4,2.44,2.27,2.32,147012,4337270
86,"Dec 04, 2017",2.22,2.5,2.14,2.46,352802,4025840
87,"Dec 03, 2017",2.03,2.24,2.0,2.21,138513,3666500
88,"Dec 02, 2017",2.04,2.09,1.95,2.02,89591,3690460
89,"Dec 01, 2017",1.92,2.05,1.78,2.05,77158,3481570
90,"Nov 30, 2017",1.93,2.17,1.75,1.93,166599,3496310
91,"Nov 29, 2017",2.07,2.39,1.88,1.9,246356,3740510
92,"Nov 28, 2017",2.04,2.13,2.0,2.07,167299,3694400
93,"Nov 27, 2017",1.99,2.12,1.9,2.04,130466,3607700
94,"Nov 26, 2017",1.98,2.06,1.84,1.99,171903,3582010
95,"Nov 25, 2017",1.82,2.01,1.82,1.99,151446,3301590
96,"Nov 24, 2017",1.75,1.92,1.75,1.88,143663,3172330
97,"Nov 23, 2017",1.84,1.94,1.73,1.76,222527,3327660
98,"Nov 22, 2017",1.69,2.14,1.64,1.84,588628,3052770
99,"Nov 21, 2017",1.71,1.81,1.55,1.68,100924,3101870
100,"Nov 20, 2017",1.78,1.81,1.65,1.71,100511,3228030
101,"Nov 19, 2017",1.75,1.86,1.72,1.78,65955,3168640
102,"Nov 18, 2017",1.73,1.86,1.66,1.75,76034,3130730
103,"Nov 17, 2017",1.73,1.77,1.62,1.74,88101,3132940
104,"Nov 16, 2017",1.9,1.9,1.71,1.73,85336,3438160
105,"Nov 15, 2017",1.83,1.97,1.83,1.89,81558,3316040
106,"Nov 14, 2017",1.84,1.96,1.81,1.86,103641,3338980
107,"Nov 13, 2017",1.74,1.97,1.74,1.84,156741,3156080
108,"Nov 12, 2017",1.84,2.06,1.64,1.74,419005,3336980
109,"Nov 11, 2017",1.7,1.89,1.68,1.85,177946,3079310
110,"Nov 10, 2017",2.0,2.11,1.58,1.71,236138,3618120
111,"Nov 09, 2017",1.83,2.04,1.77,1.99,218124,3313640
112,"Nov 08, 2017",1.7,1.89,1.65,1.83,152202,3077050
113,"Nov 07, 2017",1.67,1.82,1.65,1.71,134615,3025200
114,"Nov 06, 2017",1.67,1.77,1.59,1.65,105135,3026350
115,"Nov 05, 2017",1.68,1.78,1.62,1.66,42954,3039430
116,"Nov 04, 2017",1.6,1.8,1.59,1.69,90673,2899680
117,"Nov 03, 2017",1.64,1.86,1.54,1.6,105387,2964120
118,"Nov 02, 2017",1.65,1.79,1.52,1.64,90377,2979580
119,"Nov 01, 2017",1.84,1.84,1.64,1.64,170181,3334730
120,"Oct 31, 2017",1.89,1.91,1.76,1.84,91474,3426620
121,"Oct 30, 2017",1.85,2.0,1.72,1.9,124832,3342890
122,"Oct 29, 2017",1.83,2.01,1.81,1.86,158071,3310000
123,"Oct 28, 2017",1.77,1.96,1.76,1.83,121367,3212090
124,"Oct 27, 2017",1.82,1.92,1.71,1.77,104902,3289230
125,"Oct 26, 2017",1.79,1.88,1.73,1.81,124956,3245960
126,"Oct 25, 2017",1.74,1.9,1.65,1.79,139611,3146200
127,"Oct 24, 2017",1.58,2.11,1.51,1.72,387964,2866680
128,"Oct 23, 2017",1.69,1.75,1.55,1.59,115015,3063320
129,"Oct 22, 2017",1.76,1.86,1.65,1.71,193833,3184000
130,"Oct 21, 2017",1.95,2.08,1.66,1.76,448485,3521170
131,"Oct 20, 2017",2.85,3.74,1.82,1.92,6042820,5159890
132,"Oct 19, 2017",1.5,3.11,1.43,2.66,1717470,2708650
133,"Oct 18, 2017",1.54,1.58,1.36,1.5,69903,2782030
134,"Oct 17, 2017",1.66,1.66,1.47,1.54,46862,3004600
135,"Oct 16, 2017",1.68,1.87,1.58,1.65,44492,3040110
136,"Oct 15, 2017",1.67,1.84,1.54,1.68,58360,3027880
137,"Oct 14, 2017",1.7,1.75,1.6,1.68,51113,3078490
138,"Oct 13, 2017",1.83,1.9,1.6,1.7,106393,3314610
139,"Oct 12, 2017",1.79,2.11,1.74,1.83,202092,3238110
140,"Oct 11, 2017",1.64,1.87,1.62,1.79,56139,2967790
141,"Oct 10, 2017",1.67,1.76,1.61,1.64,30924,3027760
142,"Oct 09, 2017",1.82,1.83,1.61,1.63,66707,3292970
143,"Oct 08, 2017",1.87,1.96,1.79,1.82,77693,3386440
144,"Oct 07, 2017",2.01,2.01,1.82,1.92,75099,3635290
145,"Oct 06, 2017",2.02,2.12,1.99,2.01,35879,3664750
146,"Oct 05, 2017",2.04,2.11,1.99,2.02,76555,3698530
147,"Oct 04, 2017",2.27,2.32,2.02,2.05,72626,4114810
148,"Oct 03, 2017",2.21,2.35,2.05,2.27,136721,4008490
149,"Oct 02, 2017",2.16,2.77,2.16,2.21,561447,3908830
150,"Oct 01, 2017",2.0,2.92,1.96,2.18,1322360,3620810
151,"Sep 30, 2017",1.96,2.25,1.96,2.0,152597,3547230
152,"Sep 29, 2017",2.13,2.13,1.9,1.96,89729,3858630
153,"Sep 28, 2017",2.02,2.44,1.97,2.12,271285,3655360
154,"Sep 27, 2017",1.92,2.08,1.86,2.02,112038,3482320
155,"Sep 26, 2017",1.98,2.03,1.87,1.93,92242,3576590
156,"Sep 25, 2017",1.78,2.02,1.74,1.95,124375,3220310
157,"Sep 24, 2017",1.73,1.83,1.65,1.78,63957,3134090
158,"Sep 23, 2017",1.75,1.86,1.63,1.73,63602,3160500
159,"Sep 22, 2017",1.73,1.86,1.65,1.71,121268,3131800
160,"Sep 21, 2017",1.71,1.8,1.59,1.71,265434,3088960
161,"Sep 20, 2017",1.92,2.05,1.72,1.72,118537,3476020
162,"Sep 19, 2017",2.28,2.48,1.83,1.92,374756,4124860
163,"Sep 18, 2017",1.57,2.58,1.57,2.32,817034,2841840
164,"Sep 17, 2017",1.48,1.61,1.35,1.57,47324,2682160
165,"Sep 16, 2017",1.48,1.58,1.36,1.51,38427,2670910
166,"Sep 15, 2017",1.33,1.55,1.11,1.5,64060,2405090
167,"Sep 14, 2017",1.64,1.69,1.29,1.29,60587,2975850
168,"Sep 13, 2017",1.75,1.78,1.52,1.64,79301,3162420
169,"Sep 12, 2017",1.79,1.98,1.71,1.76,72132,3231830
170,"Sep 11, 2017",1.89,2.02,1.74,1.79,43353,3423020
171,"Sep 10, 2017",2.01,2.03,1.79,1.88,56527,3643840
172,"Sep 09, 2017",2.21,2.25,1.98,2.02,128902,3994090
173,"Sep 08, 2017",2.08,2.22,1.78,2.2,217688,3772810
174,"Sep 07, 2017",2.23,2.24,1.98,2.09,59732,4027450
175,"Sep 06, 2017",2.25,2.43,1.99,2.23,126349,4074490
176,"Sep 05, 2017",1.89,2.42,1.69,2.27,207420,3411830
177,"Sep 04, 2017",2.45,2.51,1.72,1.89,192483,4436410
178,"Sep 03, 2017",2.68,2.77,2.37,2.49,135818,4846930
179,"Sep 02, 2017",3.23,3.43,2.59,2.68,188106,5849450
180,"Sep 01, 2017",2.64,3.66,2.6,3.31,439543,4773600
181,"Aug 31, 2017",2.8,2.89,2.43,2.64,339774,5069360
182,"Aug 30, 2017",3.02,3.07,2.77,2.81,300217,5474180
183,"Aug 29, 2017",3.47,3.67,3.0,3.03,528193,6281800
184,"Aug 28, 2017",3.17,3.84,3.02,3.5,977052,5744710
185,"Aug 27, 2017",2.09,3.83,2.09,3.17,1475590,3773920
186,"Aug 26, 2017",1.87,2.23,1.78,2.09,178873,3386780
187,"Aug 25, 2017",2.24,2.34,1.87,1.87,148316,4062460
188,"Aug 24, 2017",2.56,2.62,2.05,2.25,290633,4635800
189,"Aug 23, 2017",2.17,2.63,2.09,2.58,421035,3932440
190,"Aug 22, 2017",2.25,2.55,1.7,2.18,650299,4080900
191,"Aug 21, 2017",1.43,2.69,1.4,2.23,1613870,2590200
192,"Aug 20, 2017",1.27,1.46,1.23,1.39,63111,2294150
193,"Aug 19, 2017",1.35,1.4,1.18,1.3,42434,2434520
194,"Aug 18, 2017",1.45,1.51,1.33,1.35,71099,2622960
195,"Aug 17, 2017",1.3,1.62,1.24,1.47,82900,2354680
196,"Aug 16, 2017",1.28,1.35,1.2,1.3,31379,2320710
197,"Aug 15, 2017",1.44,1.47,1.14,1.28,45468,2613000
198,"Aug 14, 2017",1.54,1.62,1.4,1.44,60580,2796040
199,"Aug 13, 2017",1.63,1.69,1.44,1.55,40873,2952740
200,"Aug 12, 2017",1.5,1.76,1.43,1.58,83759,2717550
201,"Aug 11, 2017",1.47,1.71,1.37,1.46,118872,2663350
202,"Aug 10, 2017",1.51,1.58,1.32,1.45,139831,2729530
203,"Aug 09, 2017",1.47,1.89,1.31,1.51,114792,2653440
204,"Aug 08, 2017",1.41,1.5,1.28,1.47,94850,2555760
205,"Aug 07, 2017",1.55,1.58,1.35,1.41,56542,2797260
206,"Aug 06, 2017",1.61,1.67,1.54,1.55,52148,2914490
207,"Aug 05, 2017",1.44,1.75,1.37,1.61,129218,2609350
208,"Aug 04, 2017",1.32,1.93,1.29,1.44,420989,2386000
209,"Aug 03, 2017",1.13,1.38,1.11,1.32,43835,2037680
210,"Aug 02, 2017",1.13,1.19,1.09,1.12,35426,2047780
211,"Aug 01, 2017",1.1,1.32,0.991883,1.15,40352,1995430
212,"Jul 31, 2017",1.2,1.2,1.08,1.1,44901,2165650
213,"Jul 30, 2017",1.23,1.27,1.15,1.2,14263,2220810
214,"Jul 29, 2017",1.19,1.28,1.15,1.28,28557,2156600
215,"Jul 28, 2017",1.33,1.38,1.18,1.2,63492,2415480
216,"Jul 27, 2017",1.33,1.36,1.3,1.33,33978,2412780
217,"Jul 26, 2017",1.3,1.39,1.26,1.33,21067,2357320
218,"Jul 25, 2017",1.72,1.77,1.28,1.3,58254,3112540
219,"Jul 24, 2017",1.71,1.84,1.54,1.72,32317,3098780
220,"Jul 23, 2017",1.92,1.98,1.62,1.66,45496,3479950
221,"Jul 22, 2017",1.49,2.01,1.49,1.92,74212,2700010
222,"Jul 21, 2017",1.48,1.56,1.34,1.49,38145,2670100
223,"Jul 20, 2017",1.3,1.59,1.3,1.5,32471,2346940
224,"Jul 19, 2017",1.25,1.63,1.21,1.34,74773,2254880
225,"Jul 18, 2017",1.2,1.34,1.14,1.25,72509,2169400
226,"Jul 17, 2017",0.998251,1.2,0.997727,1.2,39740,1790250
227,"Jul 16, 2017",1.19,1.2,0.9659610000000001,0.99936,46047,2117370
228,"Jul 15, 2017",1.1,1.27,1.01,1.13,90770,1949530
229,"Jul 14, 2017",1.07,1.18,1.05,1.1,29004,1897650
230,"Jul 13, 2017",1.22,1.23,1.06,1.1,17138,2156180
231,"Jul 12, 2017",1.06,1.22,1.01,1.22,47288,1859910
232,"Jul 11, 2017",1.24,1.35,0.9790190000000001,1.07,51932,2169300
233,"Jul 10, 2017",1.38,1.61,1.21,1.24,42903,2413190
234,"Jul 09, 2017",1.55,1.65,1.38,1.38,64526,2693840
235,"Jul 08, 2017",1.63,1.66,1.46,1.55,41767,2813440
236,"Jul 07, 2017",1.79,1.86,1.61,1.63,43739,3088760
237,"Jul 06, 2017",1.85,1.93,1.77,1.79,40960,3173630
238,"Jul 05, 2017",1.98,2.04,1.79,1.85,80981,3387170
239,"Jul 04, 2017",1.91,2.27,1.84,1.95,129621,3254760
240,"Jul 03, 2017",1.74,1.93,1.73,1.92,78878,2950310
241,"Jul 02, 2017",1.73,1.86,1.62,1.75,46991,2911990
242,"Jul 01, 2017",2.11,2.19,1.64,1.65,74730,3539310
243,"Jun 30, 2017",2.31,2.35,2.1,2.11,71738,3853320
244,"Jun 29, 2017",2.35,2.67,2.26,2.3,98800,3919100
245,"Jun 28, 2017",2.39,2.42,2.21,2.29,87518,3964620
246,"Jun 27, 2017",2.16,2.48,1.98,2.38,247305,3557860
247,"Jun 26, 2017",2.95,3.03,1.65,2.0,240376,4852190
248,"Jun 25, 2017",3.08,3.2,2.84,2.95,127086,5033420
249,"Jun 24, 2017",3.25,3.38,2.99,3.08,81339,5300400
250,"Jun 23, 2017",2.96,3.43,2.84,3.26,97592,4805630
251,"Jun 22, 2017",2.79,3.22,2.79,3.05,127621,4507990
252,"Jun 21, 2017",3.12,3.14,2.75,2.79,114113,5013900
253,"Jun 20, 2017",3.02,3.42,2.89,3.12,150469,4836760
254,"Jun 19, 2017",3.35,3.38,3.02,3.14,228966,4536880
255,"Jun 18, 2017",3.67,4.22,3.24,3.35,388365,5814340
256,"Jun 17, 2017",2.85,3.67,2.85,3.67,260784,4506980
257,"Jun 16, 2017",2.78,3.19,2.64,2.85,129478,4373660
258,"Jun 15, 2017",2.66,2.86,2.35,2.78,77441,4158370
259,"Jun 14, 2017",3.02,3.27,2.59,2.66,87434,4703620
260,"Jun 13, 2017",3.04,3.25,2.75,3.05,162700,4719290
261,"Jun 12, 2017",3.57,3.72,2.84,3.08,133642,5507340
262,"Jun 11, 2017",3.28,3.89,3.22,3.57,173574,5039700
263,"Jun 10, 2017",3.79,3.89,3.2,3.28,158222,5790230
264,"Jun 09, 2017",4.34,4.53,3.36,3.73,601663,6607410
265,"Jun 08, 2017",3.38,5.27,3.35,4.49,848275,5125960
266,"Jun 07, 2017",3.77,3.79,3.36,3.37,208116,5690360
267,"Jun 06, 2017",3.66,4.14,3.47,3.77,293475,5491540
268,"Jun 05, 2017",3.48,3.89,3.31,3.6,339855,5201640
269,"Jun 04, 2017",3.89,4.06,3.4,3.62,272173,5782440
270,"Jun 03, 2017",3.98,4.18,3.89,3.9,352667,5883690
271,"Jun 02, 2017",4.11,4.57,3.84,4.02,291694,6049570
272,"Jun 01, 2017",4.79,5.51,3.8,4.04,883649,7029110
273,"May 31, 2017",3.42,4.8,3.31,4.8,379427,4984100
274,"May 30, 2017",3.03,3.97,2.96,3.4,259588,4407140
275,"May 29, 2017",3.04,3.38,2.82,3.03,76280,4396400
276,"May 28, 2017",2.78,3.57,2.69,3.05,156104,4002810
277,"May 27, 2017",2.95,3.42,1.98,2.77,151573,4221860
278,"May 26, 2017",3.38,3.55,2.73,2.94,95517,4807560
279,"May 25, 2017",4.06,4.24,3.16,3.35,149620,5750800
280,"May 24, 2017",4.07,4.62,3.5,3.96,442985,5738660
281,"May 23, 2017",3.28,4.06,3.1,4.06,317580,4610780
282,"May 22, 2017",3.35,4.64,2.56,3.46,433847,4672160
283,"May 21, 2017",4.83,4.92,3.19,3.45,583786,6714030
284,"May 20, 2017",4.33,6.08,4.33,4.83,1162420,5990070
285,"May 19, 2017",8.97,9.32,2.94,4.42,1444770,12333400
286,"May 18, 2017",10.31,10.77,7.71,8.98,873220,14111100
287,"May 17, 2017",9.46,10.91,9.14,10.2,695614,12885900
288,"May 16, 2017",7.35,9.97,7.17,9.57,420030,9952360
289,"May 15, 2017",8.1,8.86,6.96,7.36,316511,10911200
290,"May 14, 2017",9.24,9.51,7.13,8.15,272697,12389600
291,"May 13, 2017",9.48,9.86,8.58,9.08,353621,12645300
292,"May 12, 2017",8.95,9.6,8.4,9.06,271272,11870300
293,"May 11, 2017",9.33,10.56,8.02,8.94,286774,12310500
294,"May 10, 2017",8.52,10.52,8.06,8.28,334470,11182300
295,"May 09, 2017",8.27,8.99,6.79,8.77,288931,10794700
296,"May 08, 2017",8.91,9.39,7.64,8.27,294096,11569100
297,"May 07, 2017",9.78,9.95,7.56,8.63,356788,12626100
298,"May 06, 2017",7.81,10.15,7.53,9.77,652830,10027900
299,"May 05, 2017",6.31,8.21,6.31,7.8,247925,8058290
300,"May 04, 2017",5.63,7.15,5.39,6.48,215390,7145280
301,"May 03, 2017",5.02,5.93,4.96,5.62,122762,6334410
302,"May 02, 2017",5.28,5.41,4.47,5.01,117033,6630090
303,"May 01, 2017",5.02,5.29,4.27,5.28,216738,6268890
304,"Apr 30, 2017",4.74,5.29,4.74,5.02,95597,5885850
305,"Apr 29, 2017",4.22,5.35,4.22,4.74,233731,5211170
306,"Apr 28, 2017",4.09,4.49,3.91,4.22,77514,5023040
307,"Apr 27, 2017",3.73,4.43,3.73,4.09,54613,4552140
308,"Apr 26, 2017",3.8,4.1,3.31,3.73,90520,4615920
309,"Apr 25, 2017",4.13,4.31,3.88,4.13,95725,4982070
310,"Apr 24, 2017",4.25,4.36,4.13,4.13,68881,5090840
311,"Apr 23, 2017",4.29,4.52,4.13,4.24,76833,5117270
312,"Apr 22, 2017",4.3,4.51,4.2,4.29,63855,5094220
313,"Apr 21, 2017",4.53,4.75,4.26,4.29,89238,5340940
314,"Apr 20, 2017",4.68,5.0,4.45,4.53,157934,5485460
315,"Apr 19, 2017",4.24,4.64,4.24,4.63,135321,4938350
316,"Apr 18, 2017",4.36,4.43,4.06,4.24,88591,5045370
317,"Apr 17, 2017",4.3,4.64,3.95,4.36,102756,4950900
318,"Apr 16, 2017",4.68,4.92,3.83,4.3,172361,5352840
319,"Apr 15, 2017",3.24,4.88,3.24,4.66,284622,3683040
320,"Apr 14, 2017",3.39,3.47,3.15,3.46,33280,3831750
321,"Apr 13, 2017",3.09,3.45,3.02,3.23,54586,3469750
322,"Apr 12, 2017",3.26,3.28,3.03,3.09,88129,3640570
323,"Apr 11, 2017",3.04,3.3,3.02,3.18,53224,2519590
324,"Apr 10, 2017",3.06,3.17,3.01,3.04,26620,2540300
325,"Apr 09, 2017",3.02,3.25,2.94,3.17,81958,2505410
326,"Apr 08, 2017",2.86,3.28,2.85,3.02,70093,2370000
327,"Apr 07, 2017",2.89,3.06,2.86,2.87,31218,2396350
328,"Apr 06, 2017",2.85,3.08,2.85,2.9,50302,2359620
329,"Apr 05, 2017",3.02,3.09,2.83,2.84,36903,2503210
330,"Apr 04, 2017",2.91,3.14,2.67,3.02,58096,2410000
331,"Apr 03, 2017",2.86,3.37,2.76,2.9,53934,2372400
332,"Apr 02, 2017",3.52,3.65,2.54,2.86,157828,2915640
333,"Apr 01, 2017",2.21,3.92,2.21,3.62,272042,1836200
334,"Mar 31, 2017",2.02,2.32,1.93,2.21,79025,1677600
335,"Mar 30, 2017",2.08,2.1,1.89,2.02,57785,1727890
336,"Mar 29, 2017",2.0,2.08,1.84,2.08,37020,1659360
337,"Mar 28, 2017",1.94,2.18,1.9,2.01,48296,1605270
338,"Mar 27, 2017",1.83,2.07,1.77,1.94,48903,1515100
339,"Mar 26, 2017",2.0,2.06,1.77,1.85,37793,1654560
340,"Mar 25, 2017",1.96,2.01,1.82,1.99,36311,1623850
341,"Mar 24, 2017",2.0,2.08,1.87,1.89,32933,1660880
342,"Mar 23, 2017",2.12,2.14,1.97,2.01,49808,1756020
343,"Mar 22, 2017",2.14,2.18,1.97,2.12,51448,1775290
344,"Mar 21, 2017",2.41,2.69,2.1,2.14,90947,1999610
345,"Mar 20, 2017",2.38,2.58,2.32,2.41,57601,1973160
346,"Mar 19, 2017",2.14,2.55,2.08,2.38,56800,1777640
347,"Mar 18, 2017",1.97,2.46,1.88,2.14,97224,1632900
348,"Mar 17, 2017",2.3,2.32,1.93,1.97,72376,1904750
349,"Mar 16, 2017",2.44,2.99,1.99,2.24,199380,2026220
350,"Mar 15, 2017",1.25,3.23,1.25,2.46,364231,1037100
351,"Mar 14, 2017",1.35,1.4,1.18,1.27,53068,1118410
352,"Mar 13, 2017",1.1,1.35,1.03,1.35,65509,910724
353,"Mar 12, 2017",0.895568,1.1,0.8387959999999999,1.1,27169,742616
354,"Mar 11, 2017",0.884043,1.07,0.811461,0.8904,30567,733060
355,"Mar 10, 2017",1.13,1.13,0.782307,0.8452799999999999,23111,934066
356,"Mar 09, 2017",0.841723,1.19,0.8144680000000001,1.13,22291,697967
357,"Mar 08, 2017",0.853477,0.897581,0.808603,0.841467,9216,707714
358,"Mar 07, 2017",0.899782,0.939257,0.836227,0.853693,8843,746110
359,"Mar 06, 2017",0.8858,0.948478,0.8683709999999999,0.8995129999999999,11664,734516
360,"Mar 05, 2017",0.9221159999999999,0.939409,0.834469,0.8855559999999999,18576,764630
361,"Mar 04, 2017",1.19,1.23,0.9117569999999999,0.9411440000000001,34300,987078
362,"Mar 03, 2017",1.37,1.62,1.01,1.19,53658,1139360
363,"Mar 02, 2017",1.17,1.7,1.14,1.37,101791,965046
364,"Mar 01, 2017",0.877397,1.21,0.8763270000000001,1.2,44536,720047
365,"Feb 28, 2017",0.655618,0.9260870000000001,0.607425,0.879913,62749,533222
366,"Feb 27, 2017",0.45596400000000004,0.704809,0.445435,0.702599,11492,367570
367,"Feb 26, 2017",0.515067,0.53064,0.44296899999999995,0.45643100000000003,5233,411513
368,"Feb 25, 2017",0.538308,0.572583,0.512025,0.5148739999999999,2794,426259
369,"Feb 24, 2017",0.648729,0.648729,0.538976,0.53982,6952,509025
370,"Feb 23, 2017",0.571749,0.656189,0.559728,0.582376,8703,444642
371,"Feb 22, 2017",0.5854,0.598492,0.5528609999999999,0.571835,5164,451175
372,"Feb 21, 2017",0.5422560000000001,0.624988,0.5410590000000001,0.585667,8267,413911
373,"Feb 20, 2017",0.570874,0.5779,0.5015539999999999,0.542607,5984,431674
374,"Feb 19, 2017",0.606072,0.638357,0.5704279999999999,0.5704279999999999,4904,454046
375,"Feb 18, 2017",0.6648149999999999,0.669737,0.596967,0.605877,7464,493417
376,"Feb 17, 2017",0.712299,0.759374,0.662906,0.662906,10763,523326
377,"Feb 16, 2017",0.744067,0.7738079999999999,0.708535,0.713004,7817,541625
378,"Feb 15, 2017",0.738576,0.786518,0.710291,0.744007,6832,532402
379,"Feb 14, 2017",0.736316,0.797161,0.7325470000000001,0.737363,5378,525555
380,"Feb 13, 2017",0.741529,0.811841,0.7340220000000001,0.7354689999999999,8259,523964
381,"Feb 12, 2017",0.776948,0.793455,0.741012,0.741197,7125,543679
382,"Feb 11, 2017",0.7212270000000001,0.795377,0.717291,0.777682,7903,499513
383,"Feb 10, 2017",0.780238,0.862951,0.698699,0.721,13654,534912
384,"Feb 09, 2017",0.785327,0.8263370000000001,0.685412,0.77928,13020,532619
385,"Feb 08, 2017",0.719967,0.859872,0.685815,0.784162,16150,483062
386,"Feb 07, 2017",0.618296,0.722065,0.584449,0.719332,9706,410425
387,"Feb 06, 2017",0.6985979999999999,0.710418,0.6162340000000001,0.617131,10622,458926
388,"Feb 05, 2017",0.7697149999999999,0.806709,0.69297,0.697864,11543,500093
389,"Feb 04, 2017",0.739661,0.80667,0.6993560000000001,0.80667,12590,475417
390,"Feb 03, 2017",0.722838,0.7737109999999999,0.720487,0.738637,7944,459255
391,"Feb 02, 2017",0.805529,0.83021,0.723079,0.723079,19012,506426
392,"Feb 01, 2017",0.846558,0.856355,0.780039,0.8039970000000001,11462,526178
393,"Jan 31, 2017",0.774213,0.852462,0.774213,0.846558,12794,475715
394,"Jan 30, 2017",0.800892,0.876074,0.750735,0.774101,12099,486442
395,"Jan 29, 2017",0.828047,0.8490340000000001,0.8000659999999999,0.8003439999999999,7909,497232
396,"Jan 28, 2017",0.799976,1.04,0.797481,0.8276190000000001,6549,474576
397,"Jan 27, 2017",0.8309629999999999,0.986901,0.790355,0.7999890000000001,9377,487048
398,"Jan 26, 2017",0.882416,0.8834350000000001,0.798222,0.831166,7664,510941
399,"Jan 25, 2017",0.8926870000000001,0.8995139999999999,0.766454,0.8236629999999999,20339,510539
400,"Jan 24, 2017",0.9159209999999999,0.9559549999999999,0.892286,0.8926870000000001,8174,517369
401,"Jan 23, 2017",0.931803,1.01,0.9217719999999999,0.926911,7377,519608
402,"Jan 22, 2017",1.02,1.07,0.9199790000000001,0.929298,10883,561239
403,"Jan 21, 2017",1.07,1.11,1.02,1.02,20464,580394
404,"Jan 20, 2017",1.04,1.16,1.03,1.07,9598,560115
405,"Jan 19, 2017",0.998934,1.16,0.998934,1.05,8684,528661
406,"Jan 18, 2017",0.986857,1.32,0.8873700000000001,0.999183,33898,515324
407,"Jan 17, 2017",0.747113,1.08,0.745717,0.9390709999999999,13621,384679
408,"Jan 16, 2017",0.7954399999999999,0.804974,0.710756,0.7468130000000001,8356,403865
409,"Jan 15, 2017",0.849859,0.985309,0.7073729999999999,0.7954829999999999,21247,425546
410,"Jan 14, 2017",0.6480229999999999,1.17,0.593494,0.8503860000000001,43014,319743
411,"Jan 13, 2017",0.512289,0.642293,0.46319399999999994,0.593843,12519,249068
412,"Jan 12, 2017",0.37606999999999996,0.638664,0.360989,0.512988,12235,180076
413,"Jan 11, 2017",0.370104,0.425237,0.345344,0.377319,9250,174532
414,"Jan 10, 2017",0.351638,0.685395,0.351559,0.37009899999999996,2464,163327
415,"Jan 09, 2017",0.35647,0.386407,0.3468,0.351785,3633,163005
416,"Jan 08, 2017",0.335043,0.369356,0.33236,0.358406,3550,150815
417,"Jan 07, 2017",0.3315,0.34441700000000003,0.303193,0.335189,2175,146884
418,"Jan 06, 2017",0.37251599999999996,0.38982,0.323606,0.33102800000000004,4362,162445
419,"Jan 05, 2017",0.422339,0.493841,0.349528,0.372201,5771,181099
420,"Jan 04, 2017",0.408131,0.44422700000000004,0.377787,0.421588,9634,172083
421,"Jan 03, 2017",0.409792,0.424124,0.386181,0.407882,1592,169920
422,"Jan 02, 2017",0.392989,0.465394,0.383748,0.40996499999999997,8232,160153
423,"Jan 01, 2017",0.38871700000000003,0.403702,0.379257,0.392851,2936,155603
424,"Dec 31, 2016",0.375893,0.447871,0.37354899999999996,0.388694,2765,147749
425,"Dec 30, 2016",0.380581,0.40752,0.363191,0.375899,1975,146861
426,"Dec 29, 2016",0.393475,0.41828699999999996,0.378284,0.380573,4622,149319
427,"Dec 28, 2016",0.375335,0.417001,0.375335,0.393796,2315,139667
428,"Dec 27, 2016",0.390366,0.442015,0.373101,0.37511700000000003,5421,142596
429,"Dec 26, 2016",0.40107,0.43578999999999996,0.385841,0.390366,1571,143563
430,"Dec 25, 2016",0.446647,0.446647,0.391273,0.400752,2912,156818
431,"Dec 24, 2016",0.531352,0.532044,0.444842,0.44654799999999994,3547,183037
432,"Dec 23, 2016",0.444851,0.539636,0.444851,0.474958,3713,149920
433,"Dec 22, 2016",0.44219200000000003,0.472467,0.440723,0.445024,5033,145901
434,"Dec 21, 2016",0.44528199999999996,0.47698900000000005,0.436759,0.442245,3956,143754
435,"Dec 20, 2016",0.429796,0.458104,0.429796,0.44528199999999996,2152,135687
436,"Dec 19, 2016",0.44727700000000004,0.470516,0.425728,0.43004799999999993,2668,138080
437,"Dec 18, 2016",0.47923599999999994,0.506486,0.446917,0.447267,4739,144603
438,"Dec 17, 2016",0.46348999999999996,0.512721,0.46348999999999996,0.47921800000000003,2689,136544
439,"Dec 16, 2016",0.390085,0.638792,0.390085,0.46333500000000005,26120,112086
440,"Dec 15, 2016",0.39438,0.42155200000000004,0.38960300000000003,0.390046,1236,110505
441,"Dec 14, 2016",0.424105,0.43775600000000003,0.393167,0.393675,2005,115844
442,"Dec 13, 2016",0.435229,0.46392700000000003,0.421306,0.42471899999999996,2290,115738
443,"Dec 12, 2016",0.517568,0.518066,0.41305299999999995,0.44081099999999995,3880,133985
444,"Dec 11, 2016",0.389297,0.5403060000000001,0.384412,0.5173270000000001,5597,98010
445,"Dec 10, 2016",0.38816,0.41533000000000003,0.38658400000000004,0.38927,2338,95007
446,"Dec 09, 2016",0.384123,0.43374300000000005,0.384123,0.388056,3380,91210
447,"Dec 08, 2016",0.395246,0.419404,0.384893,0.384893,2827,91089
448,"Dec 07, 2016",0.44333900000000004,0.448949,0.393497,0.394702,2629,98953
449,"Dec 06, 2016",0.475523,0.528089,0.427831,0.449297,4366,102796
450,"Dec 05, 2016",0.558802,0.56293,0.47340699999999997,0.475495,2763,116783
451,"Dec 04, 2016",0.566765,0.592182,0.544258,0.5585479999999999,4558,114529
452,"Dec 03, 2016",0.601069,0.601218,0.555392,0.5667760000000001,3606,117141
453,"Dec 02, 2016",0.6889149999999999,0.712933,0.5757680000000001,0.600884,5000,129430
454,"Dec 01, 2016",0.745599,0.792901,0.619687,0.688214,7158,134702
455,"Nov 30, 2016",0.729981,0.818078,0.724558,0.7456229999999999,5487,126843
456,"Nov 29, 2016",1.0,1.0,0.699681,0.7293149999999999,14105,166847
457,"Nov 28, 2016",1.18,1.22,0.997009,1.0,15883,188500
458,"Nov 27, 2016",1.48,1.53,1.18,1.18,21793,225094
459,"Nov 26, 2016",1.65,1.78,1.46,1.48,10915,240109
460,"Nov 25, 2016",1.3,1.81,1.29,1.54,16635,179184
461,"Nov 24, 2016",1.29,1.45,1.28,1.29,12476,168846
462,"Nov 23, 2016",1.44,1.58,1.28,1.29,10639,178748
463,"Nov 22, 2016",1.93,1.98,1.23,1.44,20878,226277
464,"Nov 21, 2016",2.49,2.52,1.86,1.98,30389,274113
465,"Nov 20, 2016",2.69,2.76,2.44,2.49,20105,278062
466,"Nov 19, 2016",2.82,2.9,2.62,2.68,16553,270793
467,"Nov 18, 2016",3.63,3.76,2.76,2.82,26938,322177
468,"Nov 17, 2016",4.1,4.13,3.05,3.63,22162,334640
469,"Nov 16, 2016",4.8,5.28,4.08,4.09,23768,357876
470,"Nov 15, 2016",4.17,5.54,3.92,4.8,38490,280435
471,"Nov 14, 2016",4.88,5.75,3.99,4.13,50653,292814
472,"Nov 13, 2016",3.52,5.05,3.52,4.84,57773,185607
473,"Nov 12, 2016",3.99,4.84,2.38,3.52,34364,181284
474,"Nov 11, 2016",5.23,5.65,3.98,3.99,32506,200113
475,"Nov 10, 2016",5.27,7.0,4.66,5.23,35136,164050
